PRAGMA foreign_keys=OFF;
BEGIN TRANSACTION;
CREATE TABLE IF NOT EXISTS "django_migrations" ("id" integer NOT NULL PRIMARY KEY AUTOINCREMENT, "app" varchar(255) NOT NULL, "name" varchar(255) NOT NULL, "applied" datetime NOT NULL);
INSERT INTO django_migrations VALUES(1,'contenttypes','0001_initial','2024-10-31 10:48:09.119458');
INSERT INTO django_migrations VALUES(2,'auth','0001_initial','2024-10-31 10:48:09.128257');
INSERT INTO django_migrations VALUES(3,'admin','0001_initial','2024-10-31 10:48:09.133235');
INSERT INTO django_migrations VALUES(4,'admin','0002_logentry_remove_auto_add','2024-10-31 10:48:09.140042');
INSERT INTO django_migrations VALUES(5,'admin','0003_logentry_add_action_flag_choices','2024-10-31 10:48:09.143795');
INSERT INTO django_migrations VALUES(6,'contenttypes','0002_remove_content_type_name','2024-10-31 10:48:09.152487');
INSERT INTO django_migrations VALUES(7,'auth','0002_alter_permission_name_max_length','2024-10-31 10:48:09.157642');
INSERT INTO django_migrations VALUES(8,'auth','0003_alter_user_email_max_length','2024-10-31 10:48:09.163457');
INSERT INTO django_migrations VALUES(9,'auth','0004_alter_user_username_opts','2024-10-31 10:48:09.167031');
INSERT INTO django_migrations VALUES(10,'auth','0005_alter_user_last_login_null','2024-10-31 10:48:09.172051');
INSERT INTO django_migrations VALUES(11,'auth','0006_require_contenttypes_0002','2024-10-31 10:48:09.172674');
INSERT INTO django_migrations VALUES(12,'auth','0007_alter_validators_add_error_messages','2024-10-31 10:48:09.177547');
INSERT INTO django_migrations VALUES(13,'auth','0008_alter_user_username_max_length','2024-10-31 10:48:09.203799');
INSERT INTO django_migrations VALUES(14,'auth','0009_alter_user_last_name_max_length','2024-10-31 10:48:09.209167');
INSERT INTO django_migrations VALUES(15,'auth','0010_alter_group_name_max_length','2024-10-31 10:48:09.214436');
INSERT INTO django_migrations VALUES(16,'auth','0011_update_proxy_permissions','2024-10-31 10:48:09.217964');
INSERT INTO django_migrations VALUES(17,'auth','0012_alter_user_first_name_max_length','2024-10-31 10:48:09.223491');
INSERT INTO django_migrations VALUES(18,'barameong','0001_initial','2024-10-31 10:48:09.226827');
INSERT INTO django_migrations VALUES(19,'sessions','0001_initial','2024-10-31 10:48:09.228919');
INSERT INTO django_migrations VALUES(20,'barameong','0002_reservation','2024-10-31 12:00:07.849091');
CREATE TABLE IF NOT EXISTS "auth_group_permissions" ("id" integer NOT NULL PRIMARY KEY AUTOINCREMENT, "group_id" integer NOT NULL REFERENCES "auth_group" ("id") DEFERRABLE INITIALLY DEFERRED, "permission_id" integer NOT NULL REFERENCES "auth_permission" ("id") DEFERRABLE INITIALLY DEFERRED);
CREATE TABLE IF NOT EXISTS "auth_user_groups" ("id" integer NOT NULL PRIMARY KEY AUTOINCREMENT, "user_id" integer NOT NULL REFERENCES "auth_user" ("id") DEFERRABLE INITIALLY DEFERRED, "group_id" integer NOT NULL REFERENCES "auth_group" ("id") DEFERRABLE INITIALLY DEFERRED);
CREATE TABLE IF NOT EXISTS "auth_user_user_permissions" ("id" integer NOT NULL PRIMARY KEY AUTOINCREMENT, "user_id" integer NOT NULL REFERENCES "auth_user" ("id") DEFERRABLE INITIALLY DEFERRED, "permission_id" integer NOT NULL REFERENCES "auth_permission" ("id") DEFERRABLE INITIALLY DEFERRED);
CREATE TABLE IF NOT EXISTS "django_admin_log" ("id" integer NOT NULL PRIMARY KEY AUTOINCREMENT, "object_id" text NULL, "object_repr" varchar(200) NOT NULL, "action_flag" smallint unsigned NOT NULL CHECK ("action_flag" >= 0), "change_message" text NOT NULL, "content_type_id" integer NULL REFERENCES "django_content_type" ("id") DEFERRABLE INITIALLY DEFERRED, "user_id" integer NOT NULL REFERENCES "auth_user" ("id") DEFERRABLE INITIALLY DEFERRED, "action_time" datetime NOT NULL);
CREATE TABLE IF NOT EXISTS "django_content_type" ("id" integer NOT NULL PRIMARY KEY AUTOINCREMENT, "app_label" varchar(100) NOT NULL, "model" varchar(100) NOT NULL);
INSERT INTO django_content_type VALUES(1,'admin','logentry');
INSERT INTO django_content_type VALUES(2,'auth','permission');
INSERT INTO django_content_type VALUES(3,'auth','group');
INSERT INTO django_content_type VALUES(4,'auth','user');
INSERT INTO django_content_type VALUES(5,'contenttypes','contenttype');
INSERT INTO django_content_type VALUES(6,'sessions','session');
INSERT INTO django_content_type VALUES(7,'barameong','shelter');
INSERT INTO django_content_type VALUES(8,'barameong','dog');
INSERT INTO django_content_type VALUES(9,'barameong','reservation');
CREATE TABLE IF NOT EXISTS "auth_permission" ("id" integer NOT NULL PRIMARY KEY AUTOINCREMENT, "content_type_id" integer NOT NULL REFERENCES "django_content_type" ("id") DEFERRABLE INITIALLY DEFERRED, "codename" varchar(100) NOT NULL, "name" varchar(255) NOT NULL);
INSERT INTO auth_permission VALUES(1,1,'add_logentry','Can add log entry');
INSERT INTO auth_permission VALUES(2,1,'change_logentry','Can change log entry');
INSERT INTO auth_permission VALUES(3,1,'delete_logentry','Can delete log entry');
INSERT INTO auth_permission VALUES(4,1,'view_logentry','Can view log entry');
INSERT INTO auth_permission VALUES(5,2,'add_permission','Can add permission');
INSERT INTO auth_permission VALUES(6,2,'change_permission','Can change permission');
INSERT INTO auth_permission VALUES(7,2,'delete_permission','Can delete permission');
INSERT INTO auth_permission VALUES(8,2,'view_permission','Can view permission');
INSERT INTO auth_permission VALUES(9,3,'add_group','Can add group');
INSERT INTO auth_permission VALUES(10,3,'change_group','Can change group');
INSERT INTO auth_permission VALUES(11,3,'delete_group','Can delete group');
INSERT INTO auth_permission VALUES(12,3,'view_group','Can view group');
INSERT INTO auth_permission VALUES(13,4,'add_user','Can add user');
INSERT INTO auth_permission VALUES(14,4,'change_user','Can change user');
INSERT INTO auth_permission VALUES(15,4,'delete_user','Can delete user');
INSERT INTO auth_permission VALUES(16,4,'view_user','Can view user');
INSERT INTO auth_permission VALUES(17,5,'add_contenttype','Can add content type');
INSERT INTO auth_permission VALUES(18,5,'change_contenttype','Can change content type');
INSERT INTO auth_permission VALUES(19,5,'delete_contenttype','Can delete content type');
INSERT INTO auth_permission VALUES(20,5,'view_contenttype','Can view content type');
INSERT INTO auth_permission VALUES(21,6,'add_session','Can add session');
INSERT INTO auth_permission VALUES(22,6,'change_session','Can change session');
INSERT INTO auth_permission VALUES(23,6,'delete_session','Can delete session');
INSERT INTO auth_permission VALUES(24,6,'view_session','Can view session');
INSERT INTO auth_permission VALUES(25,7,'add_shelter','Can add shelter');
INSERT INTO auth_permission VALUES(26,7,'change_shelter','Can change shelter');
INSERT INTO auth_permission VALUES(27,7,'delete_shelter','Can delete shelter');
INSERT INTO auth_permission VALUES(28,7,'view_shelter','Can view shelter');
INSERT INTO auth_permission VALUES(29,8,'add_dog','Can add dog');
INSERT INTO auth_permission VALUES(30,8,'change_dog','Can change dog');
INSERT INTO auth_permission VALUES(31,8,'delete_dog','Can delete dog');
INSERT INTO auth_permission VALUES(32,8,'view_dog','Can view dog');
INSERT INTO auth_permission VALUES(33,9,'add_reservation','Can add reservation');
INSERT INTO auth_permission VALUES(34,9,'change_reservation','Can change reservation');
INSERT INTO auth_permission VALUES(35,9,'delete_reservation','Can delete reservation');
INSERT INTO auth_permission VALUES(36,9,'view_reservation','Can view reservation');
CREATE TABLE IF NOT EXISTS "auth_group" ("id" integer NOT NULL PRIMARY KEY AUTOINCREMENT, "name" varchar(150) NOT NULL UNIQUE);
CREATE TABLE IF NOT EXISTS "auth_user" ("id" integer NOT NULL PRIMARY KEY AUTOINCREMENT, "password" varchar(128) NOT NULL, "last_login" datetime NULL, "is_superuser" bool NOT NULL, "username" varchar(150) NOT NULL UNIQUE, "last_name" varchar(150) NOT NULL, "email" varchar(254) NOT NULL, "is_staff" bool NOT NULL, "is_active" bool NOT NULL, "date_joined" datetime NOT NULL, "first_name" varchar(150) NOT NULL);
CREATE TABLE IF NOT EXISTS "shelter" ("id" integer NOT NULL PRIMARY KEY AUTOINCREMENT, "photo" varchar(100) NULL, "description" text NOT NULL, "contact" varchar(100) NOT NULL, "name" varchar(100) NOT NULL);
INSERT INTO shelter VALUES(1,'shelter_photos/행복이네.jpg','제주도의 유기동물 보호소입니다. 사랑과 보살핌이 넘치는 곳입니다.','010-1234-5678','행복이네 보호소');
CREATE TABLE IF NOT EXISTS "dog" ("photo" varchar(100) NULL, "dog_id" integer NOT NULL PRIMARY KEY AUTOINCREMENT, "name" varchar(100) NOT NULL, "age" integer NOT NULL, "gender" varchar(10) NOT NULL, "tags" varchar(255) NOT NULL, "remaining_days" integer NOT NULL, "description" text NOT NULL, "registration_number" varchar(50) NULL, "owner" varchar(100) NULL, "shelter_id" integer NOT NULL REFERENCES "shelter" ("id") DEFERRABLE INITIALLY DEFERRED);
INSERT INTO dog VALUES('dog_photos/1.jpg',1,'쿠퍼',3,'수컷','셰틀랜드 쉽독,중형,활발함,친화적',20,'제주 바닷가에서 구조되었어요. 심장사상충 감염으로 치료 후 건강을 회복했어요. 뛰어노는 것을 좋아해요. 고구마를 좋아해요. ''앉아''라는 개인기가 있어요.','202400000001','김민수',1);
INSERT INTO dog VALUES('dog_photos/2.jpg',2,'짱이',2,'수컷','진돗개,중형,온순함,관절염,귀여움',10,'산책 중 발견 후 구조되었어요. 관절염이 있어서 심하게 뛰는 활동은 피해주세요. 당근을 좋아해요. ''엎드려''라는 개인기가 있어요.','202400000002','정우성',1);
INSERT INTO dog VALUES('dog_photos/3.jpg',3,'코코',1,'암컷','페터데일 테리어,소형,사랑스러움,온순함',15,'시골길에서 발견 후 구조되었어요. 피부병을 앓고 있었지만 치료 중이에요. 사과를 좋아해요. ''손''이라는 개인기가 있어요.','202400000003','박소연',1);
INSERT INTO dog VALUES('dog_photos/4.jpg',4,'바둑이',4,'수컷','풍산개,대형,호기심 많음,건강 상태 주의 필요',30,'농장에서 구조되었어요. 눈병이 있어 정기적인 관리가 필요합니다. 호박을 좋아해요. ''짖어''라는 개인기가 있어요.','202400000004','이준호',1);
INSERT INTO dog VALUES('dog_photos/5.jpg',5,'하리',5,'암컷','믹스견,중형,온순함,청각장애',25,'산책 도중 발견되었어요. 청각장애가 있지만 활동적인 생활을 즐기며 호기심이 많습니다. ''굴러''라는 개인기가 있어요. 하리는 인식 칩이 없었고 주인을 기다리고 있어요.','','',1);
INSERT INTO dog VALUES('dog_photos/6.jpg',6,'지우',1,'암컷','래브라도 리트리버,소형,활발함,사람 친화적',12,'어린 나이에 구조되었어요. 사람을 좋아하고 블루베리를 좋아해요. ''기다려''라는 개인기가 있어요.','202400000006','장미희',1);
INSERT INTO dog VALUES('dog_photos/7.jpg',7,'모찌',2,'암컷','닥스훈트,소형,활발함,애교 많음',8,'길가에서 발견되었어요. 활발하고 사람을 잘 따릅니다. 고구마를 좋아하고 ''방석 위에 앉기''라는 개인기가 있어요.','202400000007','오세진',1);
INSERT INTO dog VALUES('dog_photos/8.jpg',8,'태양',6,'수컷','시바견,중형,독립적,온순함',18,'독립적인 성격으로 산책 중 발견되었어요. 당근을 좋아하며, ''옆에 서기''라는 개인기가 있어요.','202400000008','김태우',1);
INSERT INTO dog VALUES('dog_photos/10.jpg',9,'아리',4,'암컷','비숑 프리제,소형,활발함,친화적',22,'도심 공원에서 구조되었어요. 온순하고 사람을 잘 따릅니다. 당근을 좋아하며 ''손''이라는 개인기가 있어요.','202400000010','이정현',1);
CREATE TABLE IF NOT EXISTS "django_session" ("session_key" varchar(40) NOT NULL PRIMARY KEY, "session_data" text NOT NULL, "expire_date" datetime NOT NULL);
CREATE TABLE IF NOT EXISTS "reservation" ("id" integer NOT NULL PRIMARY KEY AUTOINCREMENT, "start_date" date NOT NULL, "end_date" date NOT NULL, "created_at" datetime NOT NULL, "guest_name" varchar(100) NOT NULL, "reservation_number" varchar(8) NOT NULL UNIQUE, "dog_id" integer NOT NULL REFERENCES "dog" ("dog_id") DEFERRABLE INITIALLY DEFERRED);
INSERT INTO reservation VALUES(1,'2024-10-31','2024-11-30','2024-10-31 12:02:38.897204','guest','RUL3DUUV',1);
INSERT INTO reservation VALUES(2,'2024-10-31','2024-11-30','2024-10-31 13:01:47.653762','guest','2TJS053M',2);
INSERT INTO reservation VALUES(3,'2024-10-31','2024-11-30','2024-10-31 13:03:28.267078','guest','NI631ULQ',3);
INSERT INTO reservation VALUES(4,'2024-10-31','2024-11-30','2024-10-31 13:27:28.604879','guest','1UV0UA04',6);
INSERT INTO reservation VALUES(5,'2024-10-31','2024-11-30','2024-10-31 13:27:32.977539','guest','83BE5DSH',7);
INSERT INTO reservation VALUES(6,'2024-10-31','2024-11-30','2024-10-31 13:27:36.714947','guest','FDR0DYKD',8);
INSERT INTO reservation VALUES(7,'2024-10-31','2024-11-30','2024-10-31 13:27:40.836731','guest','I84NKUMG',9);
INSERT INTO reservation VALUES(8,'2024-10-31','2024-11-30','2024-10-31 13:27:46.232615','guest','RC2KWD46',4);
INSERT INTO reservation VALUES(9,'2024-10-31','2024-11-30','2024-10-31 13:27:49.444233','guest','UYH5HZZE',3);
INSERT INTO reservation VALUES(10,'2024-10-31','2024-11-30','2024-10-31 13:27:52.472853','guest','TMSVF6NL',2);
INSERT INTO reservation VALUES(11,'2024-10-31','2024-11-30','2024-10-31 13:27:55.402132','guest','Z8ZKM66X',1);
INSERT INTO reservation VALUES(12,'2024-10-31','2024-11-30','2024-10-31 13:28:03.836088','guest','H7A7KRQ8',1);
INSERT INTO reservation VALUES(13,'2024-10-31','2024-11-30','2024-10-31 13:28:06.992866','guest','O6PSDS6W',2);
INSERT INTO reservation VALUES(14,'2024-10-31','2024-11-30','2024-10-31 13:28:10.467119','guest','PREZOEU1',3);
INSERT INTO reservation VALUES(15,'2024-10-31','2024-11-30','2024-10-31 13:28:13.389376','guest','3218TI10',4);
INSERT INTO reservation VALUES(16,'2024-10-31','2024-11-30','2024-10-31 13:28:16.628139','guest','9820ZHTA',5);
INSERT INTO reservation VALUES(17,'2024-10-31','2024-11-30','2024-10-31 14:49:29.297006','guest','IKQGP1VK',5);
INSERT INTO reservation VALUES(18,'2024-10-31','2024-11-30','2024-10-31 14:53:32.103951','guest','22A3JK35',5);
DELETE FROM sqlite_sequence;
INSERT INTO sqlite_sequence VALUES('django_migrations',20);
INSERT INTO sqlite_sequence VALUES('django_admin_log',0);
INSERT INTO sqlite_sequence VALUES('django_content_type',9);
INSERT INTO sqlite_sequence VALUES('auth_permission',36);
INSERT INTO sqlite_sequence VALUES('auth_group',0);
INSERT INTO sqlite_sequence VALUES('auth_user',0);
INSERT INTO sqlite_sequence VALUES('shelter',1);
INSERT INTO sqlite_sequence VALUES('dog',9);
INSERT INTO sqlite_sequence VALUES('reservation',18);
CREATE UNIQUE INDEX "auth_group_permissions_group_id_permission_id_0cd325b0_uniq" ON "auth_group_permissions" ("group_id", "permission_id");
CREATE INDEX "auth_group_permissions_group_id_b120cbf9" ON "auth_group_permissions" ("group_id");
CREATE INDEX "auth_group_permissions_permission_id_84c5c92e" ON "auth_group_permissions" ("permission_id");
CREATE UNIQUE INDEX "auth_user_groups_user_id_group_id_94350c0c_uniq" ON "auth_user_groups" ("user_id", "group_id");
CREATE INDEX "auth_user_groups_user_id_6a12ed8b" ON "auth_user_groups" ("user_id");
CREATE INDEX "auth_user_groups_group_id_97559544" ON "auth_user_groups" ("group_id");
CREATE UNIQUE INDEX "auth_user_user_permissions_user_id_permission_id_14a6b632_uniq" ON "auth_user_user_permissions" ("user_id", "permission_id");
CREATE INDEX "auth_user_user_permissions_user_id_a95ead1b" ON "auth_user_user_permissions" ("user_id");
CREATE INDEX "auth_user_user_permissions_permission_id_1fbb5f2c" ON "auth_user_user_permissions" ("permission_id");
CREATE INDEX "django_admin_log_content_type_id_c4bce8eb" ON "django_admin_log" ("content_type_id");
CREATE INDEX "django_admin_log_user_id_c564eba6" ON "django_admin_log" ("user_id");
CREATE UNIQUE INDEX "django_content_type_app_label_model_76bd3d3b_uniq" ON "django_content_type" ("app_label", "model");
CREATE UNIQUE INDEX "auth_permission_content_type_id_codename_01ab375a_uniq" ON "auth_permission" ("content_type_id", "codename");
CREATE INDEX "auth_permission_content_type_id_2f476e4b" ON "auth_permission" ("content_type_id");
CREATE INDEX "dog_shelter_id_19a03797" ON "dog" ("shelter_id");
CREATE INDEX "django_session_expire_date_a5c62663" ON "django_session" ("expire_date");
CREATE INDEX "reservation_dog_id_2d00cd3f" ON "reservation" ("dog_id");
COMMIT;
